$uccessor,/wiki/$uccessor
$uccessor (DED004),/wiki/$uccessor_(DED004)
$uccessor (Dedekind Cut album),/wiki/$uccessor_(Dedekind_Cut_album)
$uga(r),/wiki/$uga(r)
$uicideBoy$,/wiki/$uicideBoy$
$uicideboy$,/wiki/$uicideboy$
$uicideboys,/wiki/$uicideboys
$uper $aver,/wiki/$uper_$aver
$uper $aver (The Price is Right pricing game),/wiki/$uper_$aver_(The_Price_is_Right_pricing_game)
$upercapitalist,/wiki/$upercapitalist
$windle,/wiki/$windle
$wingin' Utter$,/wiki/$wingin%27_Utter$
$wingin' Utter$ (album),/wiki/$wingin%27_Utter$_(album)
$wingin Utter$,/wiki/$wingin_Utter$
$winging Utter$,/wiki/$winging_Utter$
$wingin’ Utter$,/wiki/$wingin%E2%80%99_Utter$
$wiss Money Holding,/wiki/$wiss_Money_Holding
$♯*! My Dad Says,/wiki/$%E2%99%AF*!_My_Dad_Says
%,/wiki/%25
%$CLS%,/wiki/%25$CLS%25
%$DIR%,/wiki/%25$DIR%25
%$FOOTER%,/wiki/%25$FOOTER%25
%$HEADER%,/wiki/%25$HEADER%25
%$LENGTH%,/wiki/%25$LENGTH%25
%$OFF%,/wiki/%25$OFF%25
%$ON%,/wiki/%25$ON%25
%$PAGE%,/wiki/%25$PAGE%25
%$SLICE%,/wiki/%25$SLICE%25
%$WIDTH%,/wiki/%25$WIDTH%25
%),/wiki/%25)
%/%,/wiki/%25/%25
%ALLUSERSPROFILE%,/wiki/%25ALLUSERSPROFILE%25
%AM PM%,/wiki/%25AM_PM%25
%APPDATA%,/wiki/%25APPDATA%25
%APPEND%,/wiki/%25APPEND%25
%Arabica,/wiki/%25Arabica
%CH,/wiki/%25CH
%CMDCMDLINE%,/wiki/%25CMDCMDLINE%25
%CMDEXTVERSION%,/wiki/%25CMDEXTVERSION%25
%CMDLINE%,/wiki/%25CMDLINE%25
%COMM%,/wiki/%25COMM%25
%COMSPEC%,/wiki/%25COMSPEC%25
%CONFIG%,/wiki/%25CONFIG%25
%COPYCMD%,/wiki/%25COPYCMD%25
%CommonProgramFiles%,/wiki/%25CommonProgramFiles%25
%DIRCMD%,/wiki/%25DIRCMD%25
%DIRSIZE%,/wiki/%25DIRSIZE%25
%DRCOMSPEC%,/wiki/%25DRCOMSPEC%25
%DRDOSCFG%,/wiki/%25DRDOSCFG%25
%DRSYS%,/wiki/%25DRSYS%25
%ERRORLEVEL%,/wiki/%25ERRORLEVEL%25
%ERRORLVL%,/wiki/%25ERRORLVL%25
%FTPDIR%,/wiki/%25FTPDIR%25
%FULL NAME%,/wiki/%25FULL_NAME%25
%GREETING TIME%,/wiki/%25GREETING_TIME%25
%HOMEDIR%,/wiki/%25HOMEDIR%25
%HOMEDRIVE%,/wiki/%25HOMEDRIVE%25
%HOMEPATH%,/wiki/%25HOMEPATH%25
%HOSTNAME%,/wiki/%25HOSTNAME%25
%HOUR%,/wiki/%25HOUR%25
%HOUR24%,/wiki/%25HOUR24%25
%HTTP DIR%,/wiki/%25HTTP_DIR%25
%INFO%,/wiki/%25INFO%25
%LANG%,/wiki/%25LANG%25
%LANGSPEC%,/wiki/%25LANGSPEC%25
%LIBPATH%,/wiki/%25LIBPATH%25
%LOCALAPPDATA%,/wiki/%25LOCALAPPDATA%25
%LOGINNAME%,/wiki/%25LOGINNAME%25
%LOGIN NAME%,/wiki/%25LOGIN_NAME%25
%MDOS EXEC%,/wiki/%25MDOS_EXEC%25
%MINUTE%,/wiki/%25MINUTE%25
%MONTH%,/wiki/%25MONTH%25
%MONTH NAME%,/wiki/%25MONTH_NAME%25
%NDAY OF WEEK%,/wiki/%25NDAY_OF_WEEK%25
%NEWFILE%,/wiki/%25NEWFILE%25
%NOCHAR%,/wiki/%25NOCHAR%25
%NOSOUND%,/wiki/%25NOSOUND%25
%NO SEP%,/wiki/%25NO_SEP%25
%NWDOSCFG%,/wiki/%25NWDOSCFG%25
%OPENDOSCFG%,/wiki/%25OPENDOSCFG%25
%OS%,/wiki/%25OS%25
%OS VERSION%,/wiki/%25OS_VERSION%25
%PATH%,/wiki/%25PATH%25
%PEXEC%,/wiki/%25PEXEC%25
%PROGRAMDATA%,/wiki/%25PROGRAMDATA%25
%PROMPT%,/wiki/%25PROMPT%25
%P STATION%,/wiki/%25P_STATION%25
%ProgramFiles%,/wiki/%25ProgramFiles%25
%ProgramFiles(x86)%,/wiki/%25ProgramFiles(x86)%25
%ProgramW6432%,/wiki/%25ProgramW6432%25
%RANDOM%,/wiki/%25RANDOM%25
%S,/wiki/%25S
%SECOND%,/wiki/%25SECOND%25
%SHORT YEAR%,/wiki/%25SHORT_YEAR%25
%SOCKETS%,/wiki/%25SOCKETS%25
%STATION%,/wiki/%25STATION%25
%SWITCHAR%,/wiki/%25SWITCHAR%25
%SYSTEMROOT%,/wiki/%25SYSTEMROOT%25
%SystemDrive%,/wiki/%25SystemDrive%25
%SystemRoot%,/wiki/%25SystemRoot%25
%TASKMGRWINDIR%,/wiki/%25TASKMGRWINDIR%25
%TEMP%,/wiki/%25TEMP%25
%TIME%,/wiki/%25TIME%25
%TMP%,/wiki/%25TMP%25
%TZ%,/wiki/%25TZ%25
%USERDOMAIN%,/wiki/%25USERDOMAIN%25
%USERPROFILE%,/wiki/%25USERPROFILE%25
%VER%,/wiki/%25VER%25
%YEAR%,/wiki/%25YEAR%25
%YESCHAR%,/wiki/%25YESCHAR%25
% (m/m),/wiki/%25_(m/m)
% Arabica,/wiki/%25_Arabica
% CODEPAGE%,/wiki/%25_CODEPAGE%25
% COLUMNS%,/wiki/%25_COLUMNS%25
% COUNTRY%,/wiki/%25_COUNTRY%25
% DAY%,/wiki/%25_DAY%25
% HOUR%,/wiki/%25_HOUR%25
% MINUTE%,/wiki/%25_MINUTE%25
% MONTH%,/wiki/%25_MONTH%25
% PCV distribution,/wiki/%25_PCV_distribution
% ROWS%,/wiki/%25_ROWS%25
% SECOND%,/wiki/%25_SECOND%25
% YEAR%,/wiki/%25_YEAR%25
% difference,/wiki/%25_difference
% error,/wiki/%25_error
% operator,/wiki/%25_operator
% sign,/wiki/%25_sign
% yield,/wiki/%25_yield
%ch,/wiki/%25ch
%d,/wiki/%25d
%difference,/wiki/%25difference
%m/m,/wiki/%25m/m
%nato,/wiki/%25nato
%o,/wiki/%25o
%oo,/wiki/%25oo
%s,/wiki/%25s
%s (printf),/wiki/%25s_(printf)
%tk,/wiki/%25tk
%u0192,/wiki/%25u0192
%u2318,/wiki/%25u2318
%u2325,/wiki/%25u2325
%windir%,/wiki/%25windir%25
%‍22,/wiki/%25%E2%80%8D22
%‍23,/wiki/%25%E2%80%8D23
%‍25,/wiki/%25%E2%80%8D25
&,/wiki/%26
&&,/wiki/%26%26
&&&&&,/wiki/%26%26%26%26%26
&& (disambiguation),/wiki/%26%26_(disambiguation)
&/C.,/wiki/%26/C.
&/c,/wiki/%26/c
&/or,/wiki/%26/or
&10,/wiki/%2610
&=,/wiki/%26%3D
&AMP,/wiki/%26AMP
&Burn,/wiki/%26Burn
&COPY,/wiki/%26COPY
&CenterDot,/wiki/%26CenterDot
&DiacriticalAcute,/wiki/%26DiacriticalAcute
&DiacriticalGrave,/wiki/%26DiacriticalGrave
&Dot,/wiki/%26Dot
&DoubleDot,/wiki/%26DoubleDot
&GT,/wiki/%26GT
&Hat,/wiki/%26Hat
&Juliet,/wiki/%26Juliet
&LT,/wiki/%26LT
&ME,/wiki/%26ME
&ME (the film),/wiki/%26ME_(the_film)
&MORE,/wiki/%26MORE
&Me,/wiki/%26Me
&Music,/wiki/%26Music
&NOW Festival,/wiki/%26NOW_Festival
&NewLine,/wiki/%26NewLine
&NonBreakingSpace,/wiki/%26NonBreakingSpace
&PROUD,/wiki/%26PROUD
&PlusMinus,/wiki/%26PlusMinus
&Prive HD,/wiki/%26Prive_HD
&QUOT,/wiki/%26QUOT
&REG,/wiki/%26REG
&Run,/wiki/%26Run
&T,/wiki/%26T
&TD Theatre,/wiki/%26TD_Theatre
&TOTSE,/wiki/%26TOTSE
&TV,/wiki/%26TV
&TWICE,/wiki/%26TWICE
&Tab,/wiki/%26Tab
&Twice,/wiki/%26Twice
&UnderBar,/wiki/%26UnderBar
&VerticalLine,/wiki/%26VerticalLine
&YOU REVOLUTION,/wiki/%26YOU_REVOLUTION
&Z,/wiki/%26Z
&Z (song),/wiki/%26Z_(song)
& (Ayumi Hamasaki EP),/wiki/%26_(Ayumi_Hamasaki_EP)
& (EP),/wiki/%26_(EP)
& (Eric Church album),/wiki/%26_(Eric_Church_album)
& (Loona EP),/wiki/%26_(Loona_EP)
& (The Moth & The Flame EP),/wiki/%26_(The_Moth_%26_The_Flame_EP)
& (The Moth & the Flame EP),/wiki/%26_(The_Moth_%26_the_Flame_EP)
& (album),/wiki/%26_(album)
& (disambiguation),/wiki/%26_(disambiguation)
& (single),/wiki/%26_(single)
& (song),/wiki/%26_(song)
& Ampersand,/wiki/%26_Ampersand
& Co.,/wiki/%26_Co.
& Colmes,/wiki/%26_Colmes
& Juliet,/wiki/%26_Juliet
& Knuckles,/wiki/%26_Knuckles
& Love for All,/wiki/%26_Love_for_All
& ME,/wiki/%26_ME
& Pictures,/wiki/%26_Pictures
& Privé HD,/wiki/%26_Priv%C3%A9_HD
& TV,/wiki/%26_TV
& The Flowers Will Fall,/wiki/%26_The_Flowers_Will_Fall
& Then,/wiki/%26_Then
& Then...,/wiki/%26_Then...
& Then ...,/wiki/%26_Then_...
& Then Boom,/wiki/%26_Then_Boom
& Then You Shoot Your Cousin,/wiki/%26_Then_You_Shoot_Your_Cousin
& Twice,/wiki/%26_Twice
& YOU revolution,/wiki/%26_YOU_revolution
& Yet & Yet,/wiki/%26_Yet_%26_Yet
& You Revolution,/wiki/%26_You_Revolution
& sign,/wiki/%26_sign
& yet & yet,/wiki/%26_yet_%26_yet
&acute,/wiki/%26acute
&always,/wiki/%26always
&amp,/wiki/%26amp
&apos,/wiki/%26apos
&ast,/wiki/%26ast
&b,/wiki/%26b
&brvbar,/wiki/%26brvbar
&bsol,/wiki/%26bsol
&c,/wiki/%26c
&c.,/wiki/%26c.
&c. (tnr),/wiki/%26c._(tnr)
&c. (weblog),/wiki/%26c._(weblog)
&ca.,/wiki/%26ca.
&cent,/wiki/%26cent
&centerdot,/wiki/%26centerdot
&circledR,/wiki/%26circledR
&colon,/wiki/%26colon
&comma,/wiki/%26comma
&commat,/wiki/%26commat
&copy,/wiki/%26copy
&curren,/wiki/%26curren
&deg,/wiki/%26deg
&die,/wiki/%26die
&dollar,/wiki/%26dollar
&equals,/wiki/%26equals
&excl,/wiki/%26excl
&ffilig,/wiki/%26ffilig
&fflig,/wiki/%26fflig
&ffllig,/wiki/%26ffllig
&filig,/wiki/%26filig
&flix,/wiki/%26flix
&fllig,/wiki/%26fllig
&grave,/wiki/%26grave
&gt,/wiki/%26gt
&iexcl,/wiki/%26iexcl
&laquo,/wiki/%26laquo
&lbrace,/wiki/%26lbrace
&lbrack,/wiki/%26lbrack
&lcub,/wiki/%26lcub
&lowbar,/wiki/%26lowbar
&lpar,/wiki/%26lpar
&lparen,/wiki/%26lparen
&lrm,/wiki/%26lrm
&lsqb,/wiki/%26lsqb
&lt,/wiki/%26lt
&macr,/wiki/%26macr
&mdash,/wiki/%26mdash
&micro,/wiki/%26micro
&midast,/wiki/%26midast
&middot,/wiki/%26middot
&moshik,/wiki/%26moshik
&nbsp,/wiki/%26nbsp
&ndash,/wiki/%26ndash
&not,/wiki/%26not
&num,/wiki/%26num
&ordf,/wiki/%26ordf
&ordm,/wiki/%26ordm
&para,/wiki/%26para
&percnt,/wiki/%26percnt
&period,/wiki/%26period
&pictures,/wiki/%26pictures
&pizza,/wiki/%26pizza
&pizza (company),/wiki/%26pizza_(company)
&plus,/wiki/%26plus
&plusmn,/wiki/%26plusmn
&pm,/wiki/%26pm
&pound,/wiki/%26pound
&privé HD,/wiki/%26priv%C3%A9_HD
&quest,/wiki/%26quest
&quot,/wiki/%26quot
&raquo,/wiki/%26raquo
&rbrace,/wiki/%26rbrace
&rbrack,/wiki/%26rbrack
&rcub,/wiki/%26rcub
&reg,/wiki/%26reg
&rlm,/wiki/%26rlm
&rpar,/wiki/%26rpar
&rparen,/wiki/%26rparen
&rsqb,/wiki/%26rsqb
&samhoud places,/wiki/%26samhoud_places
&sect,/wiki/%26sect
&semi,/wiki/%26semi
&shy,/wiki/%26shy
&sol,/wiki/%26sol
&strns,/wiki/%26strns
&sup2,/wiki/%26sup2
&sup3,/wiki/%26sup3
&szlig,/wiki/%26szlig
&totse,/wiki/%26totse
&tv,/wiki/%26tv
&uml,/wiki/%26uml
&verbar,/wiki/%26verbar
&vert,/wiki/%26vert
&yen,/wiki/%26yen
&yet&yet,/wiki/%26yet%26yet
&zwsp,/wiki/%26zwsp
',/wiki/%27
'!',/wiki/%27!%27
'$',/wiki/%27$%27
'%',/wiki/%27%25%27
'&',/wiki/%27%26%27
'',/wiki/%27%27
''Course of Popular Lectures'',/wiki/%27%27Course_of_Popular_Lectures%27%27
'(,/wiki/%27(
'(',/wiki/%27(%27
'),/wiki/%27)
')',/wiki/%27)%27
'*',/wiki/%27*%27
'+',/wiki/%27%2B%27
"','","/wiki/%27,%27"
'-',/wiki/%27-%27
'/',/wiki/%27/%27
'00,/wiki/%2700
'00's,/wiki/%2700%27s
'00 (album),/wiki/%2700_(album)
'00s,/wiki/%2700s
'01,/wiki/%2701
'01 (Richard Muller album),/wiki/%2701_(Richard_Muller_album)
'01 (Richard Müller album),/wiki/%2701_(Richard_M%C3%BCller_album)
'01 (disambiguation),/wiki/%2701_(disambiguation)
'03 Bonnie & Clyde,/wiki/%2703_Bonnie_%26_Clyde
